{"notes":[{"typeOfSection":0,"lengthInSteps":16,"sectionNotes":[[0,0,0],[150,1,0],[300,2,0],[450,3,0],[600,0,0],[750,1,0],[900,2,0],[1050,1,0],[15.015015015015,1,0],[30.03003003003,2,0],[45.045045045045,3,0],[45.045045045045,0,0],[60.0600600600601,1,0],[75.0750750750751,2,0],[105.105105105105,0,0],[120.12012012012,1,0],[135.135135135135,2,0],[150.15015015015,3,0],[150.15015015015,0,0],[165.165165165165,1,0],[180.18018018018,3,0],[195.195195195195,2,0],[210.21021021021,1,0],[225.225225225225,1,0],[225.225225225225,0,0],[225.225225225225,3,0],[225.225225225225,4,0],[225.225225225225,5,0],[225.225225225225,6,0],[225.225225225225,7,0],[225.225225225225,2,0],[0,3,0],[0,4,0],[180.18018018018,0,0],[165.165165165165,2,0]],"mustHitSection":true,"bpm":999,"changeBPM":true},{"typeOfSection":0,"lengthInSteps":16,"sectionNotes":[[255.255255255255,1,0],[240.24024024024,0,0],[270.27027027027,1,0],[270.27027027027,0,0],[285.285285285285,2,0],[285.285285285285,1,0],[300.3003003003,1,0],[300.3003003003,3,0],[315.315315315315,2,0],[315.315315315315,1,0],[315.315315315315,0,0],[315.315315315315,5,0],[285.285285285285,5,0],[300.3003003003,5,0],[270.27027027027,5,0],[255.255255255255,5,0],[240.24024024024,5,0],[330.33033033033,4,0],[345.345345345345,5,0],[330.33033033033,6,0],[345.345345345345,7,0],[345.345345345345,4,0],[360.36036036036,4,0],[360.36036036036,5,0],[375.375375375375,4,0],[375.375375375375,5,0],[360.36036036036,2,0],[330.33033033033,2,0],[345.345345345345,2,0],[360.36036036036,3,0],[345.345345345345,3,0],[345.345345345345,1,0],[360.36036036036,1,0],[345.345345345345,0,0],[360.36036036036,0,0],[375.375375375375,0,0],[375.375375375375,1,0],[375.375375375375,2,0],[390.39039039039,1,0],[390.39039039039,0,0],[405.405405405405,0,0],[405.405405405405,3,0],[420.42042042042,2,0],[420.42042042042,3,0],[435.435435435435,2,0],[435.435435435435,3,0],[435.435435435435,1,0],[450.45045045045,0,0],[450.45045045045,1,0],[450.45045045045,2,0],[450.45045045045,3,0],[465.465465465465,1,0],[465.465465465465,2,0]],"mustHitSection":true,"bpm":999,"changeBPM":true},{"typeOfSection":0,"lengthInSteps":16,"sectionNotes":[[5100,4,0],[5100,5,0],[5100,6,0],[5250,7,0],[5400,6,0],[5400,5,0],[5550,4,0],[5700,6,0],[5850,4,0],[5850,5,0]],"altAnim":true,"mustHitSection":false},{"typeOfSection":0,"lengthInSteps":16,"sectionNotes":[[7800,5,0],[7950,4,0],[8100,5,0],[7950,6,0],[8100,6,0],[8250,6,0],[8400,5,0],[8400,4,0],[8700,4,0],[8850,4,0],[9000,4,0],[9150,4,0],[9300,4,0],[9300,5,0],[9150,6,0],[9000,5,0],[8850,6,0],[8700,5,0]],"mustHitSection":true},{"typeOfSection":0,"lengthInSteps":16,"sectionNotes":[[9600,0,0],[10800,3,0],[9750,4,0],[9900,4,0],[10050,4,0],[10200,4,0],[10350,4,0],[9750,5,0],[9750,6,0],[9900,6,0],[10050,5,0],[10650,4,0],[10800,4,0],[10950,4,0],[11100,4,0],[11250,4,0],[10800,6,0],[10800,5,0],[10650,7,0],[10800,7,0],[10950,7,0],[11100,7,0],[11250,7,0]],"mustHitSection":false},{"typeOfSection":0,"lengthInSteps":16,"sectionNotes":[[12000,0,0],[13200,3,0]],"altAnim":true,"mustHitSection":false},{"typeOfSection":0,"lengthInSteps":16,"sectionNotes":[[14400,0,0],[15600,3,0]],"mustHitSection":true},{"typeOfSection":0,"lengthInSteps":16,"sectionNotes":[[16800,0,0],[18000,3,0]],"mustHitSection":true},{"typeOfSection":0,"lengthInSteps":16,"sectionNotes":[[19200,2,0],[20400,1,0]],"mustHitSection":false},{"typeOfSection":0,"lengthInSteps":16,"sectionNotes":[[21600,2,0],[22800,1,0]],"mustHitSection":false},{"typeOfSection":0,"lengthInSteps":16,"sectionNotes":[[24000,2,0],[25200,1,0]],"mustHitSection":true},{"typeOfSection":0,"lengthInSteps":16,"sectionNotes":[[26400,2,0],[27600,1,0]],"mustHitSection":true},{"typeOfSection":0,"lengthInSteps":16,"sectionNotes":[[28800,0,0],[30000,2,0]],"mustHitSection":false},{"typeOfSection":0,"lengthInSteps":16,"sectionNotes":[[31200,1,0],[32400,3,0]],"mustHitSection":false},{"typeOfSection":0,"lengthInSteps":16,"sectionNotes":[[33600,0,0],[34800,2,0]],"mustHitSection":true},{"typeOfSection":0,"lengthInSteps":16,"sectionNotes":[[36000,1,0],[37200,3,0]],"mustHitSection":true},{"typeOfSection":0,"lengthInSteps":16,"sectionNotes":[[38400,1,0],[39000,1,0],[39600,2,0]],"mustHitSection":false},{"typeOfSection":0,"lengthInSteps":16,"sectionNotes":[[40800,1,0],[41400,1,0],[42000,3,0]],"mustHitSection":false},{"typeOfSection":0,"lengthInSteps":16,"sectionNotes":[[43200,1,0],[43800,1,0],[44400,2,0]],"mustHitSection":true},{"typeOfSection":0,"lengthInSteps":16,"sectionNotes":[[45600,1,0],[46200,1,0],[46800,3,0]],"mustHitSection":true},{"typeOfSection":0,"lengthInSteps":16,"sectionNotes":[[48000,1,0],[48300,2,0],[48600,3,0],[48900,2,0],[49800,3,0]],"mustHitSection":false},{"typeOfSection":0,"lengthInSteps":16,"sectionNotes":[[50400,1,0],[50700,2,0],[51000,3,0],[51300,2,0],[52200,3,0]],"mustHitSection":true},{"typeOfSection":0,"lengthInSteps":16,"sectionNotes":[[52800,3,0],[53400,1,0],[54000,0,0],[54600,1,0]],"mustHitSection":true},{"typeOfSection":0,"lengthInSteps":16,"sectionNotes":[[55200,2,0],[55800,3,0],[56400,0,0],[57000,2,0]],"mustHitSection":true},{"typeOfSection":0,"lengthInSteps":16,"sectionNotes":[[57600,1,750]],"mustHitSection":true},{"typeOfSection":0,"lengthInSteps":16,"sectionNotes":[],"mustHitSection":true},{"typeOfSection":0,"lengthInSteps":16,"sectionNotes":[],"mustHitSection":true},{"sectionNotes":[],"typeOfSection":0,"lengthInSteps":16,"altAnim":false,"mustHitSection":true,"changeBPM":false,"bpm":100},{"sectionNotes":[],"typeOfSection":0,"lengthInSteps":16,"altAnim":false,"mustHitSection":true,"changeBPM":false,"bpm":100},{"lengthInSteps":16,"altAnim":false,"typeOfSection":0,"sectionNotes":[],"bpm":100,"changeBPM":false,"mustHitSection":true}],"sections":30,"bpm":100,"song":{"player1":"bf","sectionLengths":[],"notes":[{"typeOfSection":0,"lengthInSteps":16,"sectionNotes":[[0,0,0],[150,1,0],[300,2,0],[450,3,0],[600,0,0],[750,1,0],[900,2,0],[1050,1,0],[15.015015015015,1,0],[30.03003003003,2,0],[45.045045045045,3,0],[45.045045045045,0,0],[60.0600600600601,1,0],[75.0750750750751,2,0],[105.105105105105,0,0],[120.12012012012,1,0],[135.135135135135,2,0],[150.15015015015,3,0],[150.15015015015,0,0],[165.165165165165,1,0],[180.18018018018,3,0],[195.195195195195,2,0],[210.21021021021,1,0],[225.225225225225,1,0],[225.225225225225,0,0],[225.225225225225,3,0],[225.225225225225,4,0],[225.225225225225,5,0],[225.225225225225,6,0],[225.225225225225,7,0],[225.225225225225,2,0],[0,3,0],[0,4,0],[180.18018018018,0,0],[165.165165165165,2,0]],"mustHitSection":true,"bpm":999,"changeBPM":true},{"typeOfSection":0,"lengthInSteps":16,"sectionNotes":[[255.255255255255,1,0],[240.24024024024,0,0],[270.27027027027,1,0],[270.27027027027,0,0],[285.285285285285,2,0],[285.285285285285,1,0],[300.3003003003,1,0],[300.3003003003,3,0],[315.315315315315,2,0],[315.315315315315,1,0],[315.315315315315,0,0],[315.315315315315,5,0],[285.285285285285,5,0],[300.3003003003,5,0],[270.27027027027,5,0],[255.255255255255,5,0],[240.24024024024,5,0],[330.33033033033,4,0],[345.345345345345,5,0],[330.33033033033,6,0],[345.345345345345,7,0],[345.345345345345,4,0],[360.36036036036,4,0],[360.36036036036,5,0],[375.375375375375,4,0],[375.375375375375,5,0],[360.36036036036,2,0],[330.33033033033,2,0],[345.345345345345,2,0],[360.36036036036,3,0],[345.345345345345,3,0],[345.345345345345,1,0],[360.36036036036,1,0],[345.345345345345,0,0],[360.36036036036,0,0],[375.375375375375,0,0],[375.375375375375,1,0],[375.375375375375,2,0],[390.39039039039,1,0],[390.39039039039,0,0],[405.405405405405,0,0],[405.405405405405,3,0],[420.42042042042,2,0],[420.42042042042,3,0],[435.435435435435,2,0],[435.435435435435,3,0],[435.435435435435,1,0],[450.45045045045,0,0],[450.45045045045,1,0],[450.45045045045,2,0],[450.45045045045,3,0],[465.465465465465,1,0],[465.465465465465,2,0]],"mustHitSection":true,"bpm":999,"changeBPM":true},{"typeOfSection":0,"lengthInSteps":16,"sectionNotes":[[5100,4,0],[5100,5,0],[5100,6,0],[5250,7,0],[5400,6,0],[5400,5,0],[5550,4,0],[5700,6,0],[5850,4,0],[5850,5,0]],"altAnim":true,